model,year,region,color,fuel_type,base_price_usd,horsepower,sales_volume,turbo
GLE,2024,Global,Grey,Petrol,73234,305,1,No
C-Class,2021,Global,Black,Petrol,63616,244,1,Yes
GLB,2020,Global,Black,Petrol,44207,386,1,Yes
S-Class,2023,Global,Green,Diesel,343901,692,1,Yes
GLE,2025,Global,Blue,Petrol,124893,580,1,Yes
GLA,2025,Global,Blue,Petrol,86517,260,1,Yes
CLA,2025,Global,Green,Hybrid,42166,323,1,Yes
GLA,2022,Global,White,Hybrid,82880,259,1,Yes
GLS,2023,Global,Silver,Petrol,205530,558,1,Yes
GLB,2024,Global,White,Petrol,49770,404,1,Yes
E-Class,2023,Global,Black,Hybrid,60747,251,1,Yes
C-Class,2024,Global,Blue,Electric,66140,308,1,Yes
CLA,2022,Global,Grey,Hybrid,76791,260,1,Yes
AMG GT,2023,Global,Grey,Petrol,290070,694,1,Yes
GLA,2024,Global,White,Hybrid,92549,182,1,Yes
GLA,2025,Global,Silver,Electric,48870,253,1,Yes
GLC,2024,Global,Black,Hybrid,74324,344,1,Yes
GLB,2020,Global,White,Petrol,71527,301,1,Yes
CLA,2025,Global,Silver,Electric,93621,282,1,Yes
A-Class,2021,Global,Silver,Diesel,70830,406,1,Yes
C-Class,2020,Global,Brown,Petrol,84651,303,1,Yes
AMG A 45,2025,Global,White,Diesel,207405,409,1,Yes
C-Class,2021,Global,White,Hybrid,53655,201,1,Yes
C-Class,2024,Global,Grey,Petrol,88735,497,1,Yes
C-Class,2021,Global,Grey,Petrol,53157,403,1,Yes
GLS,2025,Global,Grey,Electric,148316,476,1,Yes
GLC,2020,Global,White,Petrol,61195,310,1,Yes
C-Class,2023,Global,Black,Diesel,49039,395,1,No
A-Class,2024,Global,White,Petrol,48316,224,1,Yes
E-Class,2021,Global,Silver,Petrol,70226,237,1,Yes
GLC,2021,Global,Black,Diesel,140107,297,1,No
GLC,2024,Global,Black,Hybrid,123882,285,1,Yes
A-Class,2020,Global,Black,Hybrid,45351,401,1,Yes
CLA,2023,Global,Blue,Diesel,49070,273,1,No
C-Class,2025,Global,Blue,Hybrid,104428,225,1,Yes
A-Class,2024,Global,Grey,Petrol,50698,159,1,Yes
GLC,2024,Global,Black,Hybrid,100288,329,1,Yes
GLE,2022,Global,Silver,Petrol,68371,434,1,Yes
C-Class,2022,Global,White,Hybrid,67565,474,1,No
E-Class,2021,Global,White,Petrol,58442,427,1,No
GLE,2022,Global,Black,Petrol,142735,305,1,Yes
CLA,2025,Global,White,Electric,95991,260,1,Yes
E-Class,2024,Global,Silver,Petrol,46578,231,1,No
A-Class,2024,Global,Grey,Diesel,84910,328,1,Yes
CLA,2021,Global,Grey,Petrol,45592,276,1,No
GLC,2023,Global,White,Petrol,116685,254,1,No
A-Class,2020,Global,White,Petrol,76431,338,1,Yes
GLA,2020,Global,Black,Hybrid,65424,255,1,Yes
GLB,2024,Global,Grey,Diesel,91223,390,1,Yes
GLA,2020,Global,Grey,Petrol,51839,271,1,Yes
GLC,2023,Global,White,Petrol,77584,469,1,Yes
GLA,2022,Global,Black,Petrol,48870,313,1,Yes
GLC,2021,Global,Black,Petrol,115899,483,1,Yes
GLB,2022,Global,White,Petrol,82985,241,1,Yes
A-Class,2020,Global,Grey,Diesel,59656,403,1,Yes
GLA,2022,Global,White,Hybrid,72529,261,1,No
GLE,2022,Global,Grey,Hybrid,146694,465,1,Yes
C-Class,2023,Global,Blue,Hybrid,94427,374,1,Yes
A-Class,2022,Global,White,Diesel,89446,258,1,Yes
GLA,2022,Global,Grey,Diesel,92048,198,1,Yes
GLC,2024,Global,Black,Hybrid,71691,242,1,Yes
GLE,2022,Global,Silver,Hybrid,78487,462,1,Yes
GLE,2024,Global,Black,Electric,80185,396,1,No
GLA,2022,Global,Silver,Hybrid,72960,420,1,Yes
GLA,2023,Global,Brown,Petrol,72727,377,1,Yes
CLA,2024,Global,Blue,Electric,46655,337,1,Yes
A-Class,2020,Global,Silver,Petrol,45823,180,1,Yes
CLA,2020,Global,Blue,Diesel,87254,304,1,Yes
GLE,2024,Global,White,Hybrid,160735,576,1,Yes
GLB,2022,Global,Black,Petrol,38221,329,1,Yes
GLC,2021,Global,Grey,Petrol,131951,387,1,Yes
GLA,2025,Global,Grey,Electric,48252,320,1,Yes
A-Class,2022,Global,Silver,Petrol,37693,337,1,Yes
GLC,2021,Global,Yellow,Petrol,71784,405,1,Yes
CLS,2020,Global,Black,Petrol,82029,366,1,Yes
E-Class,2021,Global,Grey,Petrol,74261,234,1,No
E-Class,2024,Global,Black,Hybrid,51822,358,1,Yes
GLS,2022,Global,Blue,Petrol,334992,524,1,Yes
GLC,2021,Global,White,Diesel,68517,235,1,Yes
GLB,2021,Global,Grey,Diesel,38119,393,1,Yes
GLC,2025,Global,White,Petrol,100329,298,1,Yes
GLC,2023,Global,Yellow,Hybrid,97436,493,1,Yes
GLE,2021,Global,Silver,Petrol,128861,597,1,Yes
GLE,2020,Global,Blue,Petrol,84658,422,1,No
C-Class,2021,Global,Black,Diesel,86826,495,1,Yes
CLA,2020,Global,Blue,Petrol,86094,262,1,Yes
A-Class,2025,Global,Blue,Hybrid,67442,360,1,Yes
E-Class,2021,Global,Silver,Diesel,50004,308,1,Yes
GLC,2024,Global,Blue,Electric,161716,282,1,Yes
GLB,2024,Global,Black,Hybrid,66275,200,1,Yes
GLB,2022,Global,Black,Diesel,72227,409,1,Yes
GLE,2021,Global,White,Petrol,98092,561,1,Yes
A-Class,2021,Global,Black,Hybrid,92709,213,1,Yes
GLC,2023,Global,Silver,Electric,154924,330,1,Yes
GLE,2025,Global,Black,Electric,151567,402,1,Yes
GLE,2022,Global,Silver,Petrol,65823,274,1,Yes
GLE,2022,Global,Blue,Petrol,75720,513,1,Yes
GLC,2021,Global,Black,Petrol,82330,439,1,Yes
GLB,2025,Global,Yellow,Electric,70279,182,1,Yes
A-Class,2025,Global,White,Hybrid,66049,296,1,Yes
GLC,2023,Global,White,Diesel,85601,302,1,Yes
GLA,2020,Global,White,Diesel,67798,420,1,Yes
C-Class,2020,Global,White,Petrol,66228,448,1,No
A-Class,2023,Global,Silver,Diesel,82354,196,1,Yes
GLC,2022,Global,Blue,Petrol,109818,341,1,Yes
GLC,2024,Global,Grey,Electric,104410,419,1,Yes
GLE,2024,Global,Silver,Petrol,120397,368,1,Yes
GLC,2021,Global,Grey,Diesel,79084,498,1,Yes
GLB,2022,Global,Red,Diesel,58792,214,1,No
GLC,2020,Global,Black,Petrol,148363,211,1,No
E-Class,2021,Global,Grey,Petrol,89911,612,1,Yes
A-Class,2020,Global,Grey,Petrol,63886,381,1,Yes
GLB,2023,Global,White,Petrol,82305,285,1,Yes
C-Class,2025,Global,Black,Electric,59368,507,1,Yes
S-Class,2023,Global,Blue,Electric,358259,711,1,Yes
A-Class,2020,Global,Silver,Diesel,49968,389,1,Yes
CLS,2022,Global,White,Diesel,91200,327,1,Yes
GLC,2020,Global,Silver,Petrol,137205,362,1,No
AMG C 63,2023,Global,Grey,Diesel,234667,501,1,Yes
GLA,2020,Global,Grey,Petrol,84770,321,1,No
C-Class,2020,Global,Blue,Petrol,53860,309,1,Yes
A-Class,2023,Global,Black,Petrol,76899,238,1,Yes
A-Class,2022,Global,Green,Diesel,69865,187,1,Yes
C-Class,2023,Global,Grey,Petrol,54000,365,1,Yes
GLE,2023,Global,White,Petrol,107348,481,1,Yes
E-Class,2022,Global,Grey,Electric,60414,415,1,No
A-Class,2023,Global,Silver,Petrol,98073,372,1,No
C-Class,2021,Global,Grey,Petrol,43240,222,1,Yes
C-Class,2022,Global,White,Diesel,78569,322,1,Yes
GLC,2023,Global,Black,Hybrid,149360,323,1,No
GLE,2020,Global,White,Diesel,145389,543,1,Yes
A-Class,2021,Global,White,Petrol,49769,354,1,Yes
A-Class,2020,Global,Black,Diesel,75323,402,1,Yes
GLB,2021,Global,Blue,Petrol,86349,360,1,Yes
C-Class,2020,Global,Blue,Diesel,54295,392,1,Yes
GLB,2024,Global,Yellow,Hybrid,91496,214,1,Yes
GLC,2023,Global,Grey,Electric,144642,468,1,Yes
AMG E 63,2021,Global,Silver,Petrol,358032,599,1,Yes
AMG A 45,2023,Global,Black,Petrol,265688,397,1,Yes
S-Class,2023,Global,Blue,Hybrid,250625,351,1,Yes
C-Class,2025,Global,Grey,Diesel,99175,339,1,Yes
GLE,2024,Global,Blue,Electric,117986,260,1,Yes
C-Class,2024,Global,Yellow,Diesel,79550,358,1,Yes
AMG C 63,2025,Global,Blue,Electric,270460,494,1,Yes
GLB,2021,Global,White,Petrol,42732,222,1,Yes
GLE,2022,Global,Silver,Diesel,108702,550,1,Yes
E-Class,2021,Global,Black,Petrol,54793,547,1,Yes
GLC,2020,Global,Black,Petrol,104493,298,1,No
GLE,2020,Global,Black,Petrol,114376,381,1,Yes
E-Class,2025,Global,White,Electric,59646,389,1,Yes
A-Class,2020,Global,Silver,Petrol,48699,258,1,No
A-Class,2020,Global,Black,Petrol,82458,345,1,Yes
GLA,2023,Global,Red,Diesel,51188,234,1,Yes
GLE,2025,Global,Silver,Electric,165154,401,1,Yes
C-Class,2022,Global,Silver,Hybrid,54666,388,1,Yes
GLC,2020,Global,Black,Diesel,130234,319,1,Yes
GLC,2020,Global,Silver,Petrol,95232,281,1,Yes
GLE,2023,Global,White,Hybrid,118632,330,1,Yes
S-Class,2023,Global,Red,Diesel,268257,711,1,Yes
GLE,2020,Global,Black,Petrol,83064,404,1,Yes
GLE,2023,Global,Silver,Petrol,158307,265,1,Yes
G-Class,2025,Global,Silver,Diesel,269962,504,1,Yes
C-Class,2023,Global,Black,Petrol,45314,425,1,Yes
A-Class,2021,Global,White,Petrol,47888,417,1,Yes
GLC,2023,Global,Red,Diesel,88551,273,1,No
GLA,2022,Global,Silver,Petrol,89206,194,1,Yes
C-Class,2025,Global,Orange,Electric,98516,336,1,Yes
A-Class,2021,Global,White,Diesel,78760,262,1,Yes
GLA,2022,Global,White,Petrol,46081,371,1,Yes
GLC,2024,Global,Grey,Electric,126855,236,1,Yes
E-Class,2022,Global,Grey,Petrol,61739,434,1,No
C-Class,2021,Global,Silver,Diesel,80282,427,1,Yes
E-Class,2022,Global,Blue,Diesel,44724,309,1,Yes
E-Class,2023,Global,Silver,Petrol,97851,518,1,Yes
GLA,2022,Global,Black,Diesel,91634,255,1,Yes
GLC,2025,Global,Yellow,Diesel,77777,218,1,Yes
GLC,2020,Global,White,Petrol,81056,242,1,Yes
E-Class,2021,Global,Yellow,Petrol,87983,500,1,Yes
AMG A 45,2024,Global,Blue,Petrol,252765,413,1,Yes
CLA,2020,Global,Brown,Diesel,68822,248,1,Yes
GLE,2021,Global,White,Diesel,149206,334,1,Yes
GLC,2021,Global,Grey,Petrol,98527,380,1,Yes
A-Class,2023,Global,Black,Diesel,94909,403,1,Yes
A-Class,2024,Global,Grey,Hybrid,79358,349,1,No
GLA,2023,Global,Blue,Petrol,61407,271,1,Yes
E-Class,2020,Global,Silver,Petrol,35412,560,1,Yes
A-Class,2023,Global,White,Diesel,67624,171,1,Yes
C-Class,2022,Global,White,Petrol,38675,297,1,Yes
GLE,2020,Global,Grey,Diesel,88611,527,1,Yes
GLA,2023,Global,Black,Electric,92152,204,1,No
GLA,2024,Global,Black,Petrol,43331,399,1,Yes
A-Class,2025,Global,White,Diesel,42963,157,1,Yes
GLA,2023,Global,Blue,Hybrid,96672,393,1,Yes
GLE,2025,Global,Yellow,Electric,165934,274,1,Yes
GLS,2024,Global,Red,Hybrid,203515,424,1,Yes
E-Class,2024,Global,Green,Petrol,93478,289,1,Yes
GLE,2024,Global,White,Petrol,168892,500,1,No
GLE,2020,Global,Red,Petrol,135725,522,1,Yes
GLA,2022,Global,White,Petrol,77543,239,1,Yes
GLS,2023,Global,Brown,Petrol,294587,485,1,Yes
GLC,2023,Global,White,Electric,117820,423,1,Yes
S-Class,2023,Global,Yellow,Petrol,301566,317,1,No
E-Class,2020,Global,White,Petrol,72715,331,1,Yes
GLE,2025,Global,White,Hybrid,104052,501,1,Yes
GLC,2022,Global,White,Petrol,77486,244,1,Yes
S-Class,2024,Global,Black,Petrol,294800,710,1,Yes
GLB,2024,Global,Silver,Diesel,90658,380,1,Yes
GLB,2023,Global,Silver,Diesel,44983,288,1,Yes
E-Class,2021,Global,Grey,Petrol,37007,611,1,Yes
GLC,2025,Global,Silver,Hybrid,164917,314,1,Yes
S-Class,2024,Global,Black,Electric,212857,497,1,Yes
C-Class,2025,Global,Black,Hybrid,84838,479,1,Yes
GLC,2022,Global,Grey,Petrol,156391,505,1,Yes
E-Class,2025,Global,White,Petrol,44586,385,1,No
A-Class,2021,Global,Black,Petrol,83882,206,1,Yes
GLB,2025,Global,Grey,Electric,96774,208,1,No
GLS,2022,Global,Red,Petrol,153198,525,1,No
E-Class,2023,Global,Grey,Hybrid,88581,598,1,Yes
GLB,2024,Global,Black,Petrol,80501,307,1,Yes
C-Class,2022,Global,Black,Hybrid,72800,338,1,No
GLE,2023,Global,White,Hybrid,69789,568,1,Yes
GLC,2021,Global,White,Petrol,105318,248,1,Yes
GLS,2021,Global,Silver,Petrol,160340,387,1,No
C-Class,2023,Global,White,Diesel,86415,326,1,No
E-Class,2025,Global,White,Electric,80379,297,1,Yes
A-Class,2023,Global,White,Petrol,55048,190,1,Yes
S-Class,2025,Global,White,Electric,218138,444,1,Yes
GLE,2025,Global,Green,Hybrid,81616,285,1,Yes
GLB,2025,Global,White,Hybrid,90853,417,1,Yes
GLC,2021,Global,White,Diesel,90125,352,1,Yes
E-Class,2024,Global,Red,Electric,56757,311,1,No
AMG GT,2020,Global,White,Diesel,273912,764,1,Yes
GLC,2024,Global,White,Electric,157529,447,1,Yes
GLB,2022,Global,Black,Diesel,59755,275,1,Yes
AMG GT,2025,Global,Silver,Hybrid,355446,576,1,Yes
CLA,2022,Global,Blue,Petrol,42855,371,1,Yes
GLA,2024,Global,White,Diesel,101391,323,1,Yes
GLC,2021,Global,Silver,Petrol,151665,413,1,Yes
GLS,2020,Global,Black,Petrol,175249,402,1,No
A-Class,2022,Global,White,Petrol,71166,320,1,No
C-Class,2022,Global,Yellow,Hybrid,84998,207,1,Yes
A-Class,2022,Global,White,Petrol,80730,331,1,No
GLC,2021,Global,White,Diesel,104668,261,1,Yes
G-Class,2021,Global,White,Hybrid,188857,425,1,Yes
GLC,2022,Global,Black,Hybrid,146474,206,1,Yes
GLA,2022,Global,Black,Diesel,70437,410,1,Yes
GLA,2023,Global,Black,Diesel,50063,233,1,Yes
A-Class,2020,Global,White,Diesel,68182,271,1,Yes
C-Class,2020,Global,Orange,Petrol,53692,311,1,Yes
GLS,2022,Global,White,Diesel,339289,481,1,Yes
GLE,2021,Global,Black,Petrol,85814,476,1,Yes
GLC,2020,Global,Red,Petrol,117939,284,1,No
E-Class,2024,Global,Grey,Petrol,92314,416,1,Yes
GLE,2023,Global,Grey,Petrol,129640,356,1,Yes
C-Class,2020,Global,Black,Diesel,53448,416,1,Yes
A-Class,2022,Global,Green,Petrol,74901,278,1,Yes
C-Class,2021,Global,Black,Diesel,41349,234,1,Yes
GLS,2020,Global,Black,Petrol,251789,350,1,Yes
GLC,2024,Global,Black,Electric,113303,222,1,No
GLS,2021,Global,Yellow,Petrol,177353,435,1,Yes
CLS,2023,Global,Silver,Petrol,60337,320,1,Yes
CLA,2020,Global,White,Petrol,76309,314,1,Yes
GLA,2024,Global,Blue,Electric,66419,191,1,No
AMG C 63,2023,Global,Grey,Diesel,145550,502,1,Yes
GLA,2022,Global,Black,Petrol,41484,286,1,Yes
C-Class,2024,Global,Green,Electric,63171,286,1,Yes
C-Class,2020,Global,White,Petrol,57343,253,1,Yes
C-Class,2020,Global,Silver,Petrol,35768,454,1,Yes
GLC,2025,Global,Silver,Hybrid,107197,428,1,Yes
GLC,2021,Global,White,Diesel,134093,361,1,Yes
GLE,2023,Global,Blue,Petrol,122419,502,1,Yes
C-Class,2023,Global,Silver,Electric,97687,216,1,Yes
E-Class,2020,Global,Grey,Diesel,72565,310,1,Yes
GLA,2023,Global,Blue,Petrol,55101,281,1,Yes
GLA,2020,Global,Black,Hybrid,84995,396,1,Yes
GLE,2022,Global,Silver,Petrol,77767,279,1,Yes
GLA,2020,Global,Black,Petrol,86711,267,1,Yes
GLB,2021,Global,Orange,Petrol,70593,226,1,Yes
GLE,2022,Global,Silver,Petrol,70913,470,1,Yes
S-Class,2024,Global,Brown,Petrol,247047,741,1,Yes
G-Class,2024,Global,White,Hybrid,158453,459,1,Yes
A-Class,2022,Global,Silver,Petrol,82174,297,1,Yes
C-Class,2025,Global,Brown,Electric,66537,345,1,Yes
CLA,2021,Global,Black,Petrol,76470,323,1,Yes
GLS,2025,Global,White,Petrol,243330,507,1,Yes
GLA,2021,Global,White,Diesel,65867,340,1,No
GLE,2025,Global,Red,Electric,113668,304,1,Yes
GLE,2022,Global,Grey,Petrol,150779,583,1,Yes
E-Class,2020,Global,White,Petrol,52614,517,1,Yes
S-Class,2024,Global,Black,Hybrid,365002,457,1,Yes
GLC,2020,Global,Black,Diesel,114251,427,1,No
A-Class,2020,Global,Black,Petrol,78494,349,1,No
C-Class,2023,Global,Blue,Diesel,39174,378,1,Yes
GLC,2022,Global,Yellow,Diesel,153862,292,1,Yes
GLC,2022,Global,Black,Petrol,135727,254,1,Yes
GLE,2021,Global,Silver,Petrol,65633,546,1,Yes
GLA,2022,Global,Grey,Petrol,51523,376,1,Yes
GLE,2021,Global,Black,Petrol,145356,432,1,Yes
A-Class,2025,Global,Orange,Electric,96244,343,1,Yes
GLB,2024,Global,Black,Petrol,82719,392,1,Yes
GLC,2020,Global,Silver,Petrol,115726,379,1,Yes
C-Class,2023,Global,Grey,Diesel,58536,480,1,Yes
A-Class,2025,Global,Silver,Petrol,84421,365,1,Yes
C-Class,2024,Global,Green,Diesel,92165,236,1,No
GLC,2023,Global,Black,Petrol,94119,493,1,Yes
GLC,2023,Global,Grey,Petrol,150984,413,1,Yes
A-Class,2023,Global,Black,Hybrid,59771,171,1,No
GLA,2025,Global,Black,Hybrid,50619,169,1,Yes
A-Class,2020,Global,Black,Diesel,61117,197,1,Yes
GLC,2025,Global,Black,Hybrid,126626,259,1,Yes
GLS,2022,Global,White,Diesel,267732,436,1,Yes
GLC,2020,Global,White,Diesel,124741,276,1,Yes
GLE,2023,Global,Black,Hybrid,66487,421,1,Yes
GLB,2025,Global,Black,Hybrid,50756,325,1,Yes
C-Class,2022,Global,Silver,Petrol,46180,266,1,No
A-Class,2022,Global,White,Petrol,70311,178,1,Yes
S-Class,2023,Global,Black,Diesel,161165,752,1,Yes
C-Class,2020,Global,Black,Petrol,41312,432,1,Yes
GLS,2023,Global,Blue,Electric,232503,350,1,No
GLB,2024,Global,Black,Hybrid,41966,190,1,No
GLC,2024,Global,Red,Diesel,100109,269,1,No
CLA,2024,Global,White,Hybrid,51833,231,1,Yes
GLA,2024,Global,Black,Petrol,53040,239,1,Yes
E-Class,2024,Global,Black,Hybrid,92264,222,1,Yes
AMG A 45,2024,Global,Blue,Diesel,260776,396,1,Yes
C-Class,2020,Global,Blue,Petrol,49508,273,1,Yes
GLE,2021,Global,Black,Hybrid,129990,557,1,Yes
S-Class,2023,Global,Black,Petrol,218010,642,1,Yes
GLC,2021,Global,Black,Petrol,73309,295,1,Yes
A-Class,2025,Global,Black,Electric,81903,396,1,Yes
S-Class,2025,Global,Black,Petrol,240809,600,1,Yes
GLE,2021,Global,Black,Hybrid,87091,440,1,Yes
GLA,2021,Global,Grey,Petrol,55067,292,1,Yes
E-Class,2023,Global,White,Petrol,92654,264,1,Yes
GLS,2024,Global,Black,Hybrid,348724,570,1,No
E-Class,2023,Global,Yellow,Petrol,45792,262,1,No
E-Class,2024,Global,Black,Petrol,60628,445,1,Yes
C-Class,2023,Global,Yellow,Petrol,96662,249,1,No
C-Class,2023,Global,Silver,Petrol,82078,386,1,Yes
GLB,2023,Global,Green,Hybrid,46028,175,1,Yes
GLC,2020,Global,Grey,Diesel,89014,442,1,No
A-Class,2022,Global,Black,Petrol,80656,315,1,No
GLB,2025,Global,Blue,Electric,77622,333,1,Yes
GLE,2022,Global,Red,Electric,80310,577,1,Yes
C-Class,2023,Global,Black,Petrol,78775,219,1,Yes
GLE,2023,Global,Black,Electric,108688,561,1,No
GLC,2024,Global,Silver,Electric,83088,307,1,No
G-Class,2022,Global,Black,Diesel,158602,499,1,Yes
GLC,2023,Global,Red,Diesel,89134,389,1,Yes
A-Class,2023,Global,White,Electric,86470,163,1,Yes
C-Class,2025,Global,Yellow,Diesel,48189,469,1,Yes
C-Class,2021,Global,White,Diesel,37143,263,1,Yes
GLC,2023,Global,Blue,Hybrid,146636,285,1,Yes
GLE,2022,Global,White,Petrol,77945,369,1,Yes
GLE,2020,Global,Silver,Petrol,114558,318,1,Yes
C-Class,2022,Global,White,Diesel,39889,496,1,Yes
GLB,2023,Global,Black,Petrol,98035,352,1,Yes
GLA,2024,Global,Yellow,Electric,102060,279,1,No
C-Class,2022,Global,Orange,Petrol,65057,366,1,Yes
C-Class,2023,Global,Black,Hybrid,55918,329,1,No
GLB,2022,Global,Black,Petrol,94819,328,1,No
A-Class,2020,Global,Red,Petrol,85885,375,1,Yes
E-Class,2020,Global,White,Diesel,39435,378,1,Yes
A-Class,2020,Global,Yellow,Diesel,51480,370,1,Yes
GLC,2024,Global,Blue,Electric,152162,407,1,Yes
CLS,2025,Global,Black,Electric,79419,306,1,Yes
S-Class,2025,Global,Grey,Petrol,175805,689,1,Yes
E-Class,2025,Global,White,Hybrid,46070,431,1,Yes
GLB,2021,Global,White,Diesel,51368,337,1,Yes
GLA,2021,Global,Black,Petrol,85798,298,1,No
GLB,2024,Global,Grey,Hybrid,91948,165,1,Yes
GLS,2025,Global,Yellow,Electric,393042,550,1,Yes
A-Class,2023,Global,White,Diesel,94098,205,1,Yes
GLC,2024,Global,Black,Diesel,107099,402,1,Yes
GLA,2022,Global,Brown,Petrol,55832,396,1,Yes
C-Class,2025,Global,White,Diesel,68084,246,1,Yes
E-Class,2025,Global,Grey,Petrol,77729,265,1,Yes
C-Class,2020,Global,Blue,Diesel,59551,463,1,Yes
S-Class,2022,Global,Silver,Petrol,189172,732,1,Yes
GLB,2022,Global,Silver,Hybrid,46840,194,1,No
C-Class,2022,Global,Black,Diesel,42182,336,1,No
GLE,2021,Global,Blue,Petrol,116998,393,1,Yes
GLS,2023,Global,Black,Petrol,242675,551,1,Yes
GLA,2022,Global,Silver,Diesel,91580,292,1,No
GLS,2022,Global,Black,Hybrid,207215,330,1,Yes
G-Class,2023,Global,Silver,Diesel,164094,511,1,Yes
GLE,2022,Global,Black,Diesel,78199,251,1,Yes
AMG C 63,2023,Global,Grey,Electric,216315,486,1,Yes
C-Class,2021,Global,White,Diesel,61494,325,1,Yes
GLC,2020,Global,Black,Petrol,79138,441,1,Yes
GLC,2022,Global,Silver,Diesel,113889,373,1,Yes
C-Class,2021,Global,Black,Hybrid,39850,497,1,Yes
CLS,2024,Global,White,Hybrid,46952,339,1,Yes
GLE,2023,Global,Silver,Petrol,148549,363,1,Yes
C-Class,2021,Global,Green,Petrol,70765,360,1,Yes
GLC,2022,Global,White,Diesel,68712,491,1,Yes
GLA,2021,Global,Yellow,Petrol,71767,387,1,Yes
GLE,2024,Global,Black,Electric,106136,392,1,Yes
GLE,2025,Global,Black,Petrol,119278,256,1,Yes
S-Class,2025,Global,Black,Hybrid,236098,452,1,Yes
GLA,2023,Global,White,Hybrid,97916,289,1,Yes
GLC,2023,Global,White,Hybrid,118958,314,1,Yes
GLB,2022,Global,White,Petrol,63035,193,1,Yes
GLS,2023,Global,Black,Diesel,238217,337,1,Yes
CLA,2020,Global,Grey,Diesel,89441,311,1,Yes
C-Class,2022,Global,Grey,Petrol,78302,376,1,Yes
GLC,2025,Global,Silver,Diesel,105599,202,1,Yes
GLE,2025,Global,Blue,Hybrid,100948,309,1,Yes
E-Class,2025,Global,Red,Diesel,48499,401,1,Yes
GLE,2023,Global,Red,Diesel,94691,343,1,Yes
S-Class,2025,Global,White,Hybrid,193689,761,1,Yes
E-Class,2025,Global,Silver,Hybrid,87461,325,1,Yes
GLC,2025,Global,Silver,Hybrid,104739,270,1,Yes
GLB,2022,Global,Black,Diesel,65278,296,1,Yes
A-Class,2021,Global,Black,Diesel,90857,257,1,Yes
GLC,2024,Global,Black,Hybrid,77034,407,1,No
GLC,2021,Global,Blue,Petrol,118969,321,1,Yes
GLA,2022,Global,Silver,Petrol,43512,300,1,Yes
E-Class,2022,Global,Grey,Diesel,75698,289,1,Yes
GLC,2024,Global,White,Petrol,100183,397,1,Yes
C-Class,2024,Global,Silver,Petrol,68809,483,1,Yes
E-Class,2025,Global,Orange,Petrol,63236,308,1,Yes
CLA,2021,Global,Black,Diesel,45520,365,1,Yes
A-Class,2025,Global,Green,Petrol,92577,327,1,Yes
GLB,2021,Global,Brown,Petrol,48752,268,1,Yes
GLE,2023,Global,Yellow,Petrol,69774,557,1,No
GLA,2021,Global,White,Diesel,82675,256,1,No
E-Class,2022,Global,Grey,Petrol,73985,280,1,Yes
A-Class,2024,Global,Black,Hybrid,63254,324,1,Yes
A-Class,2024,Global,White,Petrol,86153,262,1,Yes
C-Class,2021,Global,Black,Petrol,86043,433,1,Yes
E-Class,2021,Global,Red,Diesel,64201,413,1,No
GLB,2024,Global,Red,Petrol,83043,235,1,Yes
CLA,2021,Global,White,Diesel,52452,229,1,Yes
C-Class,2021,Global,White,Petrol,68782,282,1,Yes
GLB,2021,Global,Yellow,Diesel,38726,203,1,Yes
S-Class,2024,Global,White,Petrol,379657,474,1,Yes
GLE,2022,Global,White,Petrol,76865,328,1,Yes
GLE,2022,Global,Black,Diesel,84731,361,1,Yes
GLB,2022,Global,Black,Petrol,53597,200,1,No
GLA,2022,Global,Grey,Hybrid,67518,199,1,Yes
GLE,2023,Global,Blue,Petrol,129944,408,1,Yes
E-Class,2022,Global,Orange,Petrol,64943,465,1,No
C-Class,2023,Global,Orange,Hybrid,56927,232,1,Yes
CLA,2020,Global,White,Diesel,70647,266,1,Yes
C-Class,2024,Global,Silver,Petrol,42665,216,1,No
CLA,2024,Global,Black,Petrol,90680,305,1,Yes
E-Class,2025,Global,Black,Electric,44189,275,1,Yes
E-Class,2022,Global,Red,Petrol,78548,261,1,Yes
GLA,2024,Global,White,Diesel,77260,367,1,Yes
GLE,2020,Global,White,Diesel,85324,317,1,Yes
C-Class,2022,Global,White,Petrol,84402,322,1,Yes
A-Class,2024,Global,White,Electric,96896,349,1,No
GLB,2021,Global,White,Diesel,62359,294,1,No
E-Class,2021,Global,Grey,Petrol,48639,250,1,Yes
C-Class,2023,Global,Yellow,Diesel,80236,497,1,Yes
C-Class,2021,Global,Silver,Diesel,61575,468,1,No
GLB,2025,Global,Silver,Electric,96331,367,1,Yes
GLA,2022,Global,Black,Diesel,66962,280,1,Yes
E-Class,2020,Global,Silver,Petrol,88949,383,1,Yes
C-Class,2025,Global,Silver,Electric,96592,290,1,Yes
E-Class,2023,Global,Red,Hybrid,69549,417,1,No
GLE,2025,Global,Green,Electric,154040,378,1,Yes
A-Class,2021,Global,White,Petrol,54783,310,1,Yes
AMG GT,2023,Global,Yellow,Diesel,179053,632,1,Yes
CLS,2025,Global,Black,Electric,104290,380,1,Yes
GLA,2021,Global,Green,Electric,81653,342,1,Yes
GLE,2023,Global,Grey,Petrol,125898,486,1,Yes
G-Class,2020,Global,Blue,Petrol,128503,556,1,Yes
E-Class,2021,Global,Black,Petrol,41228,395,1,Yes
GLE,2024,Global,White,Petrol,124343,464,1,Yes
C-Class,2021,Global,Grey,Diesel,75308,201,1,No
GLA,2024,Global,Black,Electric,48105,300,1,Yes
GLC,2021,Global,Black,Petrol,152028,488,1,Yes
S-Class,2024,Global,Black,Petrol,275756,410,1,Yes
GLB,2020,Global,Black,Diesel,39629,201,1,No
C-Class,2021,Global,White,Petrol,44472,200,1,Yes
S-Class,2021,Global,Green,Petrol,217921,498,1,Yes
A-Class,2020,Global,White,Petrol,84833,158,1,Yes
GLA,2021,Global,White,Petrol,79891,181,1,Yes
C-Class,2020,Global,Black,Petrol,60473,209,1,Yes
GLC,2023,Global,Grey,Petrol,100264,304,1,Yes
CLA,2023,Global,Black,Petrol,57277,415,1,No
C-Class,2024,Global,Grey,Petrol,84893,275,1,Yes
A-Class,2023,Global,White,Petrol,52578,263,1,Yes
A-Class,2020,Global,White,Petrol,86054,190,1,Yes
AMG A 45,2021,Global,Black,Petrol,132836,421,1,Yes
GLC,2021,Global,Black,Diesel,84295,469,1,Yes
GLB,2023,Global,Black,Diesel,58571,229,1,Yes
C-Class,2020,Global,Blue,Petrol,79909,411,1,Yes
GLE,2021,Global,Silver,Petrol,83146,532,1,Yes
E-Class,2025,Global,Black,Electric,47414,372,1,Yes
C-Class,2025,Global,White,Petrol,42933,298,1,Yes
A-Class,2023,Global,Orange,Hybrid,75163,284,1,Yes
CLA,2020,Global,Black,Petrol,44148,290,1,Yes
A-Class,2024,Global,Yellow,Electric,99689,175,1,Yes
CLA,2025,Global,White,Petrol,72602,266,1,Yes
GLE,2021,Global,Blue,Electric,112384,269,1,Yes
E-Class,2025,Global,Black,Petrol,55247,605,1,Yes
C-Class,2022,Global,Silver,Diesel,46461,466,1,No
A-Class,2020,Global,White,Petrol,54825,259,1,Yes
CLA,2022,Global,White,Diesel,81647,348,1,Yes
GLE,2024,Global,White,Petrol,82138,392,1,Yes
G-Class,2020,Global,Black,Petrol,143687,487,1,Yes
GLA,2021,Global,Black,Diesel,78811,174,1,Yes
AMG A 45,2023,Global,White,Hybrid,199945,393,1,Yes
E-Class,2021,Global,Grey,Petrol,65938,595,1,Yes
GLA,2022,Global,Blue,Petrol,84855,249,1,Yes
GLB,2025,Global,White,Petrol,61202,190,1,Yes
GLB,2024,Global,White,Petrol,53462,207,1,Yes
GLE,2021,Global,White,Petrol,66395,488,1,Yes
GLE,2023,Global,Silver,Petrol,80376,497,1,Yes
GLA,2023,Global,Silver,Petrol,98445,193,1,Yes
A-Class,2023,Global,Silver,Petrol,88279,380,1,Yes
E-Class,2022,Global,White,Petrol,81406,446,1,Yes
E-Class,2024,Global,Black,Hybrid,93985,371,1,Yes
GLA,2023,Global,Grey,Electric,40784,374,1,Yes
GLB,2025,Global,Yellow,Petrol,50536,414,1,Yes
A-Class,2025,Global,Black,Diesel,69018,275,1,Yes
C-Class,2021,Global,Blue,Diesel,57446,213,1,Yes
GLS,2023,Global,Black,Diesel,266265,436,1,Yes
C-Class,2021,Global,Blue,Petrol,79758,269,1,Yes
GLS,2023,Global,Orange,Diesel,350234,393,1,Yes
GLC,2025,Global,White,Petrol,94547,411,1,Yes
G-Class,2021,Global,White,Petrol,304174,435,1,Yes
GLE,2024,Global,Black,Electric,81030,313,1,Yes
A-Class,2025,Global,Silver,Electric,66944,419,1,Yes
GLA,2023,Global,Brown,Hybrid,48274,225,1,Yes
E-Class,2023,Global,White,Petrol,98379,524,1,Yes
GLS,2025,Global,Red,Petrol,343883,362,1,No
S-Class,2024,Global,Black,Hybrid,354090,535,1,Yes
GLA,2022,Global,Green,Diesel,53959,317,1,Yes
GLB,2023,Global,Black,Diesel,79651,365,1,Yes
GLC,2025,Global,White,Petrol,126124,202,1,Yes
A-Class,2022,Global,Black,Hybrid,49170,195,1,Yes
A-Class,2022,Global,White,Diesel,69208,200,1,Yes
GLE,2022,Global,White,Petrol,83409,294,1,Yes
GLE,2025,Global,Yellow,Diesel,97044,260,1,Yes
E-Class,2020,Global,Grey,Diesel,43387,521,1,Yes
GLC,2020,Global,Silver,Diesel,80125,357,1,Yes
GLS,2021,Global,Blue,Petrol,223356,607,1,Yes
GLC,2022,Global,Red,Petrol,102315,378,1,Yes
GLC,2025,Global,Silver,Electric,89364,200,1,No
G-Class,2022,Global,Silver,Electric,238507,506,1,Yes
GLS,2021,Global,Black,Petrol,200998,462,1,Yes
GLE,2025,Global,White,Petrol,167887,564,1,Yes
C-Class,2022,Global,White,Petrol,91289,489,1,Yes
GLA,2023,Global,Black,Petrol,58920,224,1,Yes
GLE,2025,Global,White,Petrol,173246,280,1,Yes
GLE,2023,Global,White,Diesel,75673,446,1,Yes
GLC,2025,Global,Silver,Petrol,92884,482,1,Yes
E-Class,2025,Global,Blue,Petrol,94324,264,1,Yes
GLE,2025,Global,White,Petrol,151242,590,1,Yes
GLA,2025,Global,White,Petrol,80995,215,1,Yes
GLE,2021,Global,Black,Diesel,123499,556,1,No
GLC,2021,Global,Green,Petrol,151530,434,1,No
A-Class,2024,Global,Yellow,Electric,77740,161,1,Yes
GLE,2022,Global,Black,Hybrid,155633,447,1,Yes
GLE,2023,Global,Black,Petrol,133042,375,1,Yes
GLA,2021,Global,Black,Petrol,85700,296,1,Yes
A-Class,2021,Global,White,Petrol,39845,408,1,Yes
G-Class,2023,Global,Silver,Electric,134011,478,1,Yes
GLA,2024,Global,Red,Petrol,68794,279,1,Yes
GLS,2024,Global,Black,Hybrid,161990,537,1,Yes
E-Class,2022,Global,Grey,Petrol,40487,444,1,Yes
AMG C 63,2020,Global,Grey,Petrol,299186,501,1,Yes
C-Class,2023,Global,Silver,Hybrid,52038,469,1,No
C-Class,2024,Global,Silver,Petrol,77144,366,1,Yes
C-Class,2022,Global,Blue,Petrol,75538,374,1,Yes
C-Class,2023,Global,Black,Diesel,40371,509,1,Yes
C-Class,2025,Global,Black,Hybrid,67562,443,1,Yes
GLC,2022,Global,Grey,Diesel,81368,400,1,Yes
E-Class,2022,Global,Black,Petrol,90616,211,1,Yes
GLC,2022,Global,Silver,Diesel,159585,274,1,Yes
E-Class,2023,Global,White,Petrol,47276,398,1,Yes
E-Class,2020,Global,Grey,Diesel,73886,346,1,Yes
GLC,2022,Global,White,Petrol,135338,502,1,Yes
S-Class,2021,Global,Red,Diesel,263612,694,1,Yes
GLC,2022,Global,Red,Diesel,119059,480,1,Yes
GLC,2021,Global,Red,Petrol,66082,477,1,Yes
GLC,2025,Global,Black,Hybrid,154564,405,1,Yes
A-Class,2022,Global,White,Diesel,65859,297,1,Yes
GLB,2022,Global,Yellow,Petrol,90435,294,1,Yes
GLE,2025,Global,Black,Petrol,89146,276,1,Yes
A-Class,2022,Global,Silver,Petrol,68139,189,1,Yes
C-Class,2022,Global,White,Petrol,54228,333,1,Yes
GLE,2021,Global,Black,Petrol,96849,375,1,Yes
GLS,2021,Global,Silver,Petrol,130599,451,1,Yes
GLB,2022,Global,Silver,Petrol,60291,285,1,Yes
GLC,2023,Global,Red,Petrol,116928,432,1,Yes
GLE,2023,Global,White,Diesel,89174,543,1,Yes
GLE,2021,Global,Silver,Diesel,112944,384,1,Yes
C-Class,2024,Global,Grey,Petrol,100593,252,1,Yes
GLC,2021,Global,Black,Petrol,95521,202,1,Yes
C-Class,2023,Global,White,Diesel,94871,427,1,Yes
E-Class,2025,Global,Silver,Electric,45372,608,1,Yes
CLA,2025,Global,Black,Electric,44772,298,1,Yes
A-Class,2023,Global,White,Petrol,67576,317,1,Yes
CLA,2023,Global,White,Diesel,87032,313,1,Yes
GLA,2023,Global,Blue,Hybrid,82326,281,1,No
GLC,2021,Global,White,Petrol,134373,407,1,Yes
C-Class,2020,Global,Black,Hybrid,43483,278,1,Yes
C-Class,2020,Global,Black,Petrol,39561,330,1,Yes
C-Class,2020,Global,Silver,Petrol,78465,345,1,Yes
CLA,2023,Global,Black,Hybrid,64021,373,1,Yes
GLA,2021,Global,Grey,Petrol,55761,179,1,Yes
GLE,2023,Global,Orange,Hybrid,88626,438,1,No
GLC,2022,Global,Silver,Petrol,90807,421,1,No
GLE,2021,Global,Silver,Diesel,110300,376,1,Yes
C-Class,2020,Global,Silver,Petrol,47768,388,1,Yes
E-Class,2020,Global,Brown,Petrol,49438,249,1,Yes
C-Class,2025,Global,White,Electric,57176,453,1,Yes
E-Class,2020,Global,White,Petrol,77600,560,1,No
GLE,2024,Global,Grey,Petrol,157644,259,1,Yes
A-Class,2022,Global,White,Petrol,42560,225,1,Yes
C-Class,2025,Global,Black,Hybrid,105433,433,1,Yes
GLC,2022,Global,Black,Petrol,74550,369,1,No
GLE,2025,Global,White,Hybrid,77978,299,1,No
GLC,2020,Global,White,Petrol,61312,271,1,Yes
A-Class,2020,Global,White,Petrol,41030,307,1,Yes
GLC,2021,Global,White,Hybrid,78525,366,1,Yes
GLS,2021,Global,Brown,Diesel,150582,376,1,Yes
CLA,2022,Global,Black,Petrol,93898,314,1,Yes
GLC,2021,Global,White,Petrol,104761,484,1,Yes
E-Class,2025,Global,White,Electric,82640,595,1,No
E-Class,2023,Global,Red,Diesel,86204,275,1,Yes
A-Class,2020,Global,Black,Petrol,46153,384,1,Yes
GLC,2024,Global,Silver,Hybrid,143638,443,1,Yes
GLE,2023,Global,Grey,Electric,149158,353,1,No
A-Class,2025,Global,Black,Electric,101403,286,1,Yes
GLC,2023,Global,Silver,Petrol,144601,358,1,Yes
E-Class,2024,Global,Blue,Hybrid,54073,574,1,Yes
GLS,2022,Global,Silver,Petrol,184022,612,1,Yes
C-Class,2020,Global,White,Petrol,60989,487,1,Yes
C-Class,2024,Global,Silver,Diesel,85985,496,1,Yes
GLC,2021,Global,White,Petrol,113994,221,1,Yes
GLE,2023,Global,Silver,Petrol,79531,365,1,Yes
GLA,2022,Global,Blue,Petrol,82322,214,1,Yes
GLS,2024,Global,Red,Petrol,394190,543,1,Yes
S-Class,2022,Global,Blue,Electric,273665,773,1,Yes
GLC,2022,Global,White,Petrol,138007,203,1,Yes
GLE,2024,Global,Red,Hybrid,132514,493,1,No
E-Class,2020,Global,White,Petrol,51108,456,1,Yes
GLA,2025,Global,Silver,Hybrid,69540,193,1,No
E-Class,2021,Global,Grey,Petrol,79839,391,1,Yes
GLB,2023,Global,White,Petrol,38902,190,1,Yes
E-Class,2024,Global,White,Electric,72522,611,1,Yes
E-Class,2021,Global,Black,Petrol,54550,525,1,Yes
GLE,2025,Global,Black,Diesel,87367,270,1,Yes
GLC,2021,Global,Red,Petrol,70454,222,1,Yes
A-Class,2024,Global,Black,Hybrid,61404,373,1,Yes
GLE,2021,Global,Yellow,Petrol,87355,348,1,Yes
GLC,2022,Global,Black,Petrol,76142,410,1,Yes
C-Class,2022,Global,Red,Petrol,67383,495,1,Yes
C-Class,2022,Global,White,Petrol,61880,435,1,No
CLS,2023,Global,Silver,Petrol,40175,307,1,Yes
S-Class,2022,Global,White,Diesel,304648,376,1,Yes
GLC,2022,Global,Grey,Petrol,152821,318,1,No
GLC,2025,Global,White,Hybrid,78397,291,1,Yes
GLA,2020,Global,Black,Petrol,67317,345,1,Yes
A-Class,2022,Global,Silver,Petrol,46066,399,1,Yes
C-Class,2024,Global,Grey,Petrol,56107,451,1,Yes
AMG E 63,2023,Global,White,Petrol,302668,608,1,Yes
CLS,2024,Global,White,Hybrid,96113,396,1,Yes
GLE,2023,Global,Grey,Petrol,75744,560,1,Yes
C-Class,2020,Global,White,Diesel,65712,319,1,Yes
E-Class,2022,Global,Orange,Diesel,49974,513,1,No
GLB,2025,Global,Grey,Hybrid,47023,380,1,Yes
GLC,2024,Global,Black,Petrol,81766,448,1,Yes
GLB,2022,Global,Grey,Petrol,57882,218,1,Yes
A-Class,2021,Global,White,Petrol,53639,347,1,Yes
S-Class,2023,Global,White,Petrol,245534,564,1,Yes
GLA,2024,Global,Silver,Diesel,96399,375,1,Yes
A-Class,2022,Global,Silver,Petrol,78780,381,1,Yes
GLE,2024,Global,White,Petrol,168023,386,1,Yes
GLE,2021,Global,Black,Petrol,142780,463,1,Yes
GLC,2020,Global,Black,Diesel,91677,205,1,Yes
A-Class,2024,Global,Black,Diesel,57204,287,1,Yes
A-Class,2020,Global,Brown,Diesel,64875,396,1,Yes
GLC,2024,Global,Blue,Petrol,80376,307,1,Yes
E-Class,2023,Global,Black,Hybrid,93297,528,1,Yes
GLC,2023,Global,White,Electric,116137,492,1,Yes
GLC,2023,Global,Black,Hybrid,164223,475,1,Yes
GLA,2024,Global,Blue,Diesel,47730,199,1,No
GLS,2025,Global,White,Hybrid,339220,555,1,Yes
A-Class,2021,Global,Silver,Petrol,44092,275,1,Yes
C-Class,2020,Global,Grey,Petrol,87953,423,1,Yes
C-Class,2025,Global,White,Hybrid,93942,203,1,Yes
C-Class,2025,Global,Brown,Petrol,99076,272,1,Yes
GLC,2022,Global,Grey,Diesel,100431,289,1,Yes
E-Class,2020,Global,Silver,Petrol,48963,601,1,Yes
GLE,2021,Global,Black,Petrol,87690,295,1,Yes
GLE,2023,Global,Blue,Petrol,165070,386,1,Yes
GLB,2022,Global,Grey,Petrol,57349,351,1,Yes
GLE,2024,Global,Black,Petrol,133321,550,1,Yes
C-Class,2021,Global,Blue,Diesel,91957,450,1,Yes
C-Class,2025,Global,Grey,Electric,50447,392,1,Yes
GLC,2024,Global,Black,Hybrid,125894,357,1,Yes
A-Class,2022,Global,Red,Petrol,76984,153,1,Yes
G-Class,2023,Global,Black,Diesel,376928,545,1,Yes
S-Class,2023,Global,Red,Petrol,384365,512,1,No
GLE,2021,Global,White,Diesel,100557,381,1,Yes
GLE,2022,Global,Yellow,Petrol,151012,268,1,No
S-Class,2022,Global,White,Petrol,259957,668,1,Yes
G-Class,2022,Global,Black,Petrol,223714,522,1,Yes
C-Class,2021,Global,Yellow,Petrol,39544,474,1,Yes
CLA,2022,Global,Black,Diesel,49071,335,1,Yes
GLE,2021,Global,Black,Petrol,90231,387,1,Yes
GLE,2025,Global,Black,Petrol,131482,455,1,Yes
A-Class,2025,Global,White,Diesel,66080,392,1,Yes
C-Class,2022,Global,Black,Petrol,85338,341,1,No
GLC,2021,Global,Black,Petrol,127673,479,1,Yes
CLA,2021,Global,White,Diesel,62385,352,1,No
E-Class,2022,Global,Black,Petrol,93724,360,1,No
GLE,2025,Global,White,Hybrid,149367,461,1,Yes
GLS,2024,Global,Blue,Electric,152224,444,1,Yes
C-Class,2020,Global,White,Petrol,80722,407,1,No
GLC,2023,Global,White,Petrol,122878,452,1,Yes
GLE,2020,Global,Black,Diesel,132151,525,1,Yes
C-Class,2020,Global,Silver,Petrol,60009,303,1,Yes
S-Class,2022,Global,Grey,Petrol,186871,344,1,No
GLC,2022,Global,Red,Petrol,71654,387,1,Yes
GLS,2020,Global,Black,Diesel,304135,418,1,Yes
A-Class,2020,Global,White,Petrol,45017,281,1,Yes
CLA,2022,Global,Black,Petrol,91503,238,1,Yes
GLC,2022,Global,Black,Electric,145687,406,1,Yes
G-Class,2020,Global,Blue,Petrol,338539,427,1,Yes
E-Class,2025,Global,Black,Electric,69146,396,1,Yes
GLA,2025,Global,Silver,Petrol,66984,390,1,Yes
GLE,2020,Global,Grey,Petrol,114844,595,1,Yes
A-Class,2023,Global,White,Petrol,50971,198,1,Yes
AMG S 63,2022,Global,Grey,Diesel,365963,810,1,No
CLA,2021,Global,Black,Diesel,46082,351,1,No
GLB,2023,Global,Grey,Hybrid,76572,401,1,No
A-Class,2021,Global,Black,Diesel,55163,189,1,Yes
GLC,2020,Global,Grey,Petrol,73351,483,1,Yes
E-Class,2023,Global,White,Hybrid,65820,500,1,Yes
C-Class,2025,Global,Black,Hybrid,80602,313,1,Yes
A-Class,2025,Global,Yellow,Petrol,74804,273,1,Yes
E-Class,2024,Global,White,Electric,79560,424,1,Yes
GLE,2024,Global,Black,Hybrid,81686,287,1,Yes
CLA,2021,Global,White,Petrol,81760,345,1,Yes
A-Class,2023,Global,Grey,Petrol,39455,303,1,Yes
GLC,2020,Global,Silver,Petrol,149654,478,1,Yes
C-Class,2020,Global,White,Petrol,53331,413,1,Yes
GLC,2021,Global,Silver,Hybrid,79971,498,1,Yes
C-Class,2023,Global,White,Petrol,46790,417,1,Yes
S-Class,2024,Global,White,Petrol,322720,780,1,No
GLA,2022,Global,White,Hybrid,76118,231,1,Yes
S-Class,2020,Global,Black,Petrol,295413,312,1,Yes
GLE,2023,Global,Red,Petrol,120117,411,1,Yes
E-Class,2024,Global,Blue,Hybrid,95391,270,1,Yes
C-Class,2020,Global,White,Diesel,61663,305,1,Yes
C-Class,2025,Global,Black,Hybrid,64218,343,1,Yes
GLS,2023,Global,White,Petrol,319472,368,1,Yes
GLB,2022,Global,Brown,Diesel,79168,233,1,Yes
C-Class,2023,Global,White,Petrol,81941,249,1,Yes
GLE,2022,Global,Blue,Petrol,94879,415,1,Yes
GLE,2021,Global,White,Petrol,104731,505,1,Yes
GLC,2024,Global,Grey,Diesel,151451,509,1,Yes
CLA,2021,Global,Black,Petrol,88405,365,1,Yes
GLA,2024,Global,Grey,Electric,94012,173,1,Yes
GLE,2020,Global,Black,Petrol,95281,357,1,Yes
GLS,2022,Global,Silver,Diesel,336371,530,1,Yes
CLA,2021,Global,White,Petrol,70892,339,1,Yes
E-Class,2021,Global,Black,Electric,37732,552,1,Yes
GLA,2022,Global,White,Diesel,43817,302,1,Yes
GLA,2024,Global,Blue,Electric,48613,189,1,Yes
GLA,2022,Global,Red,Electric,63763,353,1,Yes
CLA,2025,Global,Black,Electric,55167,313,1,Yes
GLE,2024,Global,Green,Petrol,92686,579,1,Yes
A-Class,2025,Global,White,Diesel,72576,312,1,Yes
CLA,2021,Global,White,Petrol,74824,220,1,Yes
GLC,2024,Global,White,Petrol,88077,328,1,Yes
GLA,2020,Global,Grey,Diesel,69599,279,1,No
A-Class,2021,Global,Blue,Petrol,42935,209,1,Yes
A-Class,2023,Global,White,Electric,52730,221,1,Yes
CLA,2025,Global,White,Hybrid,55324,253,1,Yes
GLA,2022,Global,Silver,Diesel,67637,375,1,Yes
A-Class,2022,Global,Black,Petrol,47975,374,1,Yes
CLS,2025,Global,Black,Petrol,46510,496,1,Yes
A-Class,2022,Global,White,Hybrid,65790,281,1,Yes
E-Class,2020,Global,White,Diesel,51620,263,1,Yes
E-Class,2021,Global,White,Diesel,68009,326,1,Yes
AMG A 45,2021,Global,Grey,Petrol,127350,419,1,No
S-Class,2024,Global,Silver,Petrol,334339,538,1,Yes
C-Class,2025,Global,Yellow,Petrol,63430,504,1,Yes
C-Class,2023,Global,Grey,Hybrid,67820,285,1,Yes
E-Class,2024,Global,Black,Hybrid,59287,499,1,Yes
GLB,2023,Global,White,Petrol,76290,179,1,No
GLS,2023,Global,White,Hybrid,164159,492,1,No
GLB,2025,Global,Blue,Diesel,71208,236,1,No
E-Class,2020,Global,White,Diesel,46987,265,1,Yes
A-Class,2022,Global,Black,Petrol,52866,293,1,Yes
C-Class,2025,Global,Silver,Hybrid,86985,479,1,Yes
E-Class,2023,Global,Black,Electric,59852,532,1,Yes
GLC,2020,Global,White,Diesel,134823,355,1,No
GLE,2025,Global,Silver,Hybrid,162471,591,1,Yes
GLA,2024,Global,Black,Electric,87202,356,1,No
GLS,2020,Global,Grey,Diesel,344132,493,1,No
A-Class,2021,Global,White,Diesel,41979,225,1,Yes
GLC,2022,Global,Grey,Hybrid,88414,316,1,Yes
A-Class,2025,Global,Grey,Petrol,59269,421,1,Yes
A-Class,2021,Global,Silver,Petrol,83056,338,1,Yes
GLA,2020,Global,Red,Petrol,35860,387,1,Yes
C-Class,2025,Global,Yellow,Diesel,100547,353,1,No
GLC,2022,Global,Silver,Petrol,138674,212,1,Yes
C-Class,2024,Global,Black,Hybrid,42258,383,1,Yes
GLE,2025,Global,Black,Hybrid,131460,360,1,Yes
E-Class,2025,Global,Red,Petrol,51655,469,1,Yes
C-Class,2025,Global,Grey,Electric,76812,352,1,Yes
A-Class,2022,Global,Grey,Petrol,43864,373,1,Yes
GLE,2020,Global,Silver,Petrol,63313,563,1,Yes
E-Class,2020,Global,White,Diesel,49780,576,1,Yes
A-Class,2023,Global,White,Petrol,84633,164,1,Yes
AMG A 45,2020,Global,Silver,Petrol,193880,400,1,Yes
E-Class,2022,Global,Green,Diesel,46914,386,1,Yes
GLE,2023,Global,Yellow,Hybrid,158919,395,1,Yes
CLS,2021,Global,Black,Petrol,72802,446,1,Yes
GLE,2023,Global,Black,Hybrid,123173,386,1,Yes
GLS,2024,Global,White,Petrol,397831,603,1,Yes
GLB,2021,Global,Blue,Petrol,54121,219,1,Yes
GLE,2025,Global,Black,Hybrid,159070,302,1,Yes
AMG A 45,2022,Global,White,Petrol,268192,414,1,Yes
GLS,2025,Global,Silver,Hybrid,382142,371,1,Yes
E-Class,2021,Global,Blue,Diesel,73251,215,1,Yes
A-Class,2021,Global,White,Hybrid,86820,398,1,Yes
C-Class,2022,Global,White,Diesel,68267,233,1,Yes
GLE,2022,Global,Silver,Petrol,110402,499,1,Yes
E-Class,2025,Global,Black,Hybrid,82199,553,1,Yes
GLA,2021,Global,Black,Petrol,61807,284,1,No
CLS,2021,Global,Black,Petrol,43794,377,1,Yes
GLA,2022,Global,Black,Petrol,88831,253,1,Yes
C-Class,2025,Global,Red,Electric,87006,238,1,Yes
GLB,2021,Global,Red,Diesel,51104,241,1,Yes
GLB,2022,Global,Silver,Petrol,38665,239,1,No
A-Class,2022,Global,Blue,Diesel,68966,199,1,Yes
GLC,2022,Global,Black,Petrol,122779,301,1,Yes
CLA,2025,Global,Red,Diesel,72615,336,1,Yes
C-Class,2022,Global,Red,Petrol,70192,257,1,Yes
GLS,2022,Global,Black,Petrol,328577,333,1,Yes
GLC,2025,Global,Black,Hybrid,117038,489,1,Yes
GLE,2021,Global,Black,Diesel,126954,611,1,Yes
GLC,2023,Global,White,Petrol,85028,226,1,Yes
G-Class,2021,Global,Grey,Petrol,336678,472,1,Yes
CLA,2024,Global,Black,Petrol,71676,260,1,Yes
A-Class,2021,Global,Red,Petrol,45300,153,1,Yes
GLA,2025,Global,Silver,Electric,63343,207,1,Yes
A-Class,2022,Global,Black,Diesel,62410,387,1,Yes
GLC,2021,Global,Grey,Petrol,97269,287,1,Yes
GLE,2021,Global,White,Petrol,113819,512,1,Yes
GLE,2023,Global,White,Petrol,90164,437,1,Yes
GLE,2021,Global,Black,Petrol,140625,406,1,Yes
GLC,2024,Global,White,Hybrid,165813,489,1,Yes
GLC,2024,Global,Silver,Hybrid,148185,258,1,Yes
C-Class,2025,Global,Silver,Diesel,86080,249,1,Yes
AMG A 45,2023,Global,Black,Hybrid,335279,399,1,Yes
E-Class,2025,Global,Black,Diesel,105430,224,1,Yes
A-Class,2024,Global,Blue,Petrol,69677,355,1,Yes
GLE,2024,Global,Blue,Electric,86972,417,1,Yes
E-Class,2025,Global,White,Diesel,88115,321,1,Yes
C-Class,2023,Global,White,Hybrid,56999,482,1,Yes
G-Class,2020,Global,Black,Diesel,237354,448,1,Yes
GLE,2020,Global,Grey,Petrol,99625,284,1,Yes
GLS,2021,Global,White,Petrol,300852,526,1,Yes
A-Class,2024,Global,Grey,Petrol,65675,210,1,Yes
GLE,2023,Global,Red,Petrol,69732,375,1,Yes
C-Class,2025,Global,Red,Hybrid,92732,405,1,Yes
GLA,2021,Global,White,Petrol,87875,287,1,Yes
GLE,2023,Global,Black,Petrol,77762,412,1,Yes
GLC,2024,Global,Black,Petrol,101450,391,1,Yes
C-Class,2025,Global,Black,Diesel,81346,418,1,Yes
GLC,2022,Global,Blue,Petrol,95515,274,1,No
A-Class,2023,Global,Silver,Petrol,74753,416,1,Yes
C-Class,2020,Global,White,Petrol,73901,258,1,Yes
A-Class,2021,Global,Silver,Hybrid,58393,267,1,No
A-Class,2025,Global,Silver,Hybrid,96194,204,1,Yes
GLE,2024,Global,White,Diesel,158760,339,1,Yes
AMG GT,2022,Global,Red,Petrol,215660,562,1,Yes
AMG E 63,2022,Global,Silver,Hybrid,145615,590,1,Yes
GLE,2022,Global,White,Petrol,143156,344,1,Yes
GLB,2025,Global,Yellow,Hybrid,50724,265,1,Yes
GLE,2025,Global,Brown,Petrol,137214,496,1,Yes
GLC,2024,Global,White,Hybrid,74363,361,1,Yes
GLS,2025,Global,Black,Hybrid,185929,516,1,Yes
A-Class,2025,Global,Black,Petrol,99984,296,1,No
GLC,2020,Global,Black,Petrol,62716,331,1,Yes
AMG GT,2023,Global,White,Hybrid,147815,699,1,Yes
E-Class,2020,Global,Grey,Petrol,36625,287,1,Yes
E-Class,2024,Global,Black,Diesel,95502,507,1,Yes
GLA,2023,Global,Brown,Petrol,44398,318,1,Yes
GLB,2024,Global,Grey,Petrol,98392,185,1,Yes
E-Class,2022,Global,Black,Petrol,71122,307,1,Yes
A-Class,2025,Global,Silver,Petrol,63559,369,1,Yes
GLC,2022,Global,Grey,Petrol,123587,206,1,Yes
GLS,2025,Global,Grey,Electric,141674,338,1,Yes
GLE,2024,Global,Black,Diesel,127212,482,1,Yes
GLE,2024,Global,White,Petrol,77375,416,1,No
GLC,2023,Global,Black,Diesel,107855,461,1,Yes
GLC,2024,Global,Brown,Electric,128061,359,1,Yes
GLA,2025,Global,Black,Hybrid,54979,371,1,Yes
GLS,2022,Global,Blue,Hybrid,260429,529,1,Yes
C-Class,2020,Global,Black,Petrol,84853,406,1,Yes
GLC,2023,Global,Brown,Hybrid,134732,368,1,Yes
GLB,2022,Global,White,Petrol,70376,382,1,Yes
C-Class,2024,Global,Grey,Diesel,80510,280,1,Yes
C-Class,2022,Global,White,Hybrid,74709,502,1,Yes
AMG GT,2023,Global,White,Petrol,288589,687,1,Yes
E-Class,2025,Global,Red,Petrol,104045,408,1,No
GLC,2020,Global,Silver,Diesel,141399,364,1,No
GLC,2021,Global,Silver,Petrol,116658,233,1,Yes
GLE,2021,Global,Black,Petrol,119140,314,1,Yes
E-Class,2025,Global,Black,Petrol,42539,501,1,No
E-Class,2023,Global,Orange,Hybrid,40739,326,1,No
E-Class,2021,Global,Grey,Petrol,49814,230,1,Yes
C-Class,2022,Global,Blue,Hybrid,40433,468,1,Yes
CLA,2025,Global,Black,Diesel,88013,417,1,No
GLE,2024,Global,Black,Petrol,105349,491,1,No
E-Class,2020,Global,Grey,Petrol,77353,580,1,Yes
GLE,2025,Global,Yellow,Electric,77821,578,1,Yes
GLB,2023,Global,White,Diesel,58159,223,1,Yes
GLC,2023,Global,Red,Petrol,148304,392,1,Yes
E-Class,2022,Global,Blue,Diesel,49555,423,1,Yes
GLE,2021,Global,Silver,Diesel,71943,508,1,Yes
GLE,2022,Global,Grey,Petrol,128347,579,1,Yes
AMG C 63,2020,Global,White,Hybrid,241217,496,1,Yes
E-Class,2024,Global,Grey,Petrol,54657,324,1,Yes
A-Class,2025,Global,Yellow,Electric,94003,231,1,Yes
CLS,2022,Global,White,Hybrid,72695,481,1,Yes
C-Class,2023,Global,Grey,Petrol,47901,451,1,Yes
C-Class,2023,Global,White,Diesel,78566,304,1,Yes
E-Class,2021,Global,Black,Petrol,38524,286,1,Yes
GLE,2023,Global,White,Electric,121783,389,1,No
C-Class,2021,Global,Red,Petrol,38331,473,1,Yes
C-Class,2023,Global,Silver,Petrol,80908,286,1,Yes
GLC,2020,Global,White,Diesel,88314,226,1,Yes
C-Class,2024,Global,Black,Petrol,51540,227,1,No
GLE,2023,Global,Black,Petrol,110414,308,1,Yes
GLS,2021,Global,Black,Petrol,177378,609,1,Yes
GLA,2023,Global,Black,Petrol,84824,201,1,No
E-Class,2024,Global,Silver,Petrol,62924,584,1,Yes
GLS,2023,Global,Black,Petrol,337608,457,1,Yes
E-Class,2022,Global,Black,Hybrid,66314,294,1,Yes
GLC,2025,Global,Black,Petrol,113825,203,1,Yes
A-Class,2023,Global,Grey,Electric,82068,352,1,Yes
GLB,2022,Global,Black,Petrol,47822,250,1,Yes
GLE,2023,Global,White,Petrol,119069,275,1,Yes
C-Class,2025,Global,White,Electric,80026,202,1,Yes
A-Class,2024,Global,Black,Hybrid,60470,228,1,Yes
CLA,2022,Global,Red,Diesel,66392,227,1,Yes
GLB,2022,Global,Silver,Petrol,38421,290,1,Yes
GLB,2022,Global,White,Petrol,76302,322,1,Yes
C-Class,2023,Global,Red,Petrol,56570,289,1,Yes
S-Class,2024,Global,Black,Petrol,215412,416,1,Yes
GLC,2023,Global,Grey,Hybrid,75009,498,1,No
GLS,2020,Global,White,Petrol,346258,349,1,No
GLA,2020,Global,Grey,Petrol,47699,245,1,Yes
A-Class,2022,Global,Silver,Hybrid,52233,326,1,Yes
GLA,2024,Global,Black,Diesel,97344,168,1,Yes
GLC,2025,Global,Black,Hybrid,138565,454,1,No
GLA,2021,Global,White,Diesel,75175,219,1,Yes
E-Class,2021,Global,White,Petrol,72218,551,1,Yes
GLB,2022,Global,Blue,Petrol,69044,364,1,No
GLA,2023,Global,Blue,Petrol,73084,401,1,No
GLA,2024,Global,White,Petrol,49161,356,1,Yes
A-Class,2025,Global,Green,Hybrid,92245,393,1,Yes
A-Class,2020,Global,White,Petrol,44462,246,1,Yes
CLS,2023,Global,White,Diesel,41978,502,1,Yes
GLS,2022,Global,White,Diesel,190325,391,1,Yes
GLE,2024,Global,White,Petrol,134310,352,1,Yes
C-Class,2025,Global,White,Petrol,56482,420,1,Yes
AMG GT,2020,Global,White,Petrol,327791,693,1,Yes
GLB,2022,Global,Brown,Petrol,79331,369,1,Yes
GLC,2023,Global,Grey,Petrol,112124,246,1,Yes
GLC,2023,Global,White,Petrol,79583,422,1,Yes
A-Class,2022,Global,Black,Diesel,73334,323,1,No
C-Class,2025,Global,Silver,Electric,92517,242,1,Yes
C-Class,2025,Global,White,Hybrid,85655,283,1,Yes
C-Class,2025,Global,Blue,Petrol,92476,428,1,Yes
C-Class,2021,Global,White,Electric,56031,203,1,Yes
C-Class,2023,Global,Silver,Hybrid,53822,319,1,No
GLC,2024,Global,White,Electric,165664,359,1,Yes
E-Class,2022,Global,White,Diesel,89577,375,1,Yes
A-Class,2024,Global,Grey,Petrol,66717,266,1,Yes
A-Class,2020,Global,White,Petrol,89930,303,1,Yes
E-Class,2022,Global,Grey,Petrol,75752,470,1,Yes
GLE,2025,Global,Red,Electric,94864,419,1,No
GLC,2022,Global,White,Petrol,128951,235,1,Yes
C-Class,2021,Global,Blue,Diesel,55864,257,1,Yes
GLC,2022,Global,White,Petrol,144944,462,1,Yes
G-Class,2021,Global,Blue,Petrol,202784,426,1,Yes
E-Class,2020,Global,Grey,Petrol,36084,352,1,Yes
C-Class,2021,Global,White,Petrol,45377,390,1,Yes
G-Class,2023,Global,White,Petrol,233458,478,1,Yes
GLA,2025,Global,Grey,Hybrid,92049,311,1,Yes
A-Class,2022,Global,Black,Petrol,81080,352,1,Yes
C-Class,2020,Global,Silver,Petrol,79333,321,1,Yes
CLS,2023,Global,Brown,Petrol,83345,469,1,Yes
GLE,2020,Global,Blue,Petrol,114555,309,1,Yes
G-Class,2025,Global,Black,Hybrid,196787,533,1,Yes
